[
  {
    "id": "door_not_closing",
    "titel": "Tür schließt nicht",
    "kategorie": "Türsystem",
    "tags": [
      "tür",
      "schließen",
      "tueren",
      "door",
      "türauf"
    ],
    "schweregrad": "mittel",
    "sofortmassnahmen": [
      "Zug sicher zum Stillstand bringen und absichern.",
      "Relevante SOP/Checkliste des EVU beachten.",
      "Fahrgastinformation: kurze Durchsage, ggf. betroffene Tür sperren."
    ],
    "schritte": [
      "Statusanzeige im HMI prüfen (offene Tür/Fehlercode).",
      "Türbereich visuell prüfen (Fremdkörper, blockierende Gegenstände).",
      "Tür lokal verriegeln/sperren (gemäß SOP).",
      "System-Reset nur gemäß interner Vorschrift und wenn zulässig.",
      "Wenn Problem bleibt: Leitstelle/Disposition kontaktieren."
    ],
    "hinweise": "Konkrete Handlungen richten sich nach Fahrzeugtyp und EVU-Vorschrift.",
    "letzteAktualisierung": "2025-08-30"
  },
  {
    "id": "pis_blackout",
    "titel": "Fahrgastinfo-Anzeige dunkel",
    "kategorie": "Bordnetz/IT",
    "tags": [
      "pis",
      "anzeige",
      "monitor",
      "fahrgastinformation",
      "display"
    ],
    "schweregrad": "niedrig",
    "sofortmassnahmen": [
      "Kurze Durchsage, ggf. Papier-/Ersatztafeln verwenden."
    ],
    "schritte": [
      "Sicherung/Leitung für PIS gemäß Fahrzeugdoku prüfen (nur wenn zulässig).",
      "HMI: Statusseite PIS prüfen; falls vorgesehen, Software-Neustart (SOP).",
      "Wenn mehrere Wagen betroffen: Bordnetz-Spannung/Umrichter prüfen.",
      "Persistiert der Fehler: Meldung an Instandhaltung/Leitstelle."
    ],
    "hinweise": "Keine Abweichungen ohne Freigabe. Priorität: sichere Fahrt.",
    "letzteAktualisierung": "2025-08-30"
  },
  {
    "id": "brake_warning",
    "titel": "Bremswarnung im HMI",
    "kategorie": "Bremssystem",
    "tags": [
      "bremse",
      "bremsdruck",
      "hmi",
      "warnung"
    ],
    "schweregrad": "hoch",
    "sofortmassnahmen": [
      "Zug sicher anhalten (wo zulässig) und absichern.",
      "Gemäß Sicherheitsvorschrift verfahren; Notfallprozesse beachten.",
      "Leitstelle umgehend informieren."
    ],
    "schritte": [
      "Fehlercode und betroffene Achse/Modul notieren.",
      "Visuelle Prüfung (Leckage/ungewöhnliche Geräusche), sofern laut SOP erlaubt.",
      "Reset- oder Isolationsmaßnahmen nur nach Vorschrift/Anweisung.",
      "Weiterfahrt nur nach Freigabe."
    ],
    "hinweise": "Sicherheitsrelevant – ausschließlich nach SOP handeln.",
    "letzteAktualisierung": "2025-08-30"
  },
  {
    "id": "hv_trip",
    "titel": "Hochvoltauslösung (HV-Trip)",
    "kategorie": "Antrieb/Elektrik",
    "tags": [
      "hochvolt",
      "hv",
      "hauptschalter",
      "trennen",
      "sifa"
    ],
    "schweregrad": "hoch",
    "sofortmassnahmen": [
      "Zug anhalten und sichern.",
      "Gefahrensituation ausschließen, Brandschutz beachten.",
      "Leitstelle informieren."
    ],
    "schritte": [
      "Fehleranzeige/Hauptschalter-Status am HMI prüfen.",
      "Wenn SOP es vorsieht: HV-Freigabe prüfen, ggf. Resetversuch nur nach Freigabe.",
      "Umgebung auf Geruch/Hitze/ungewöhnliche Geräusche prüfen (Sicherheit zuerst).",
      "Keine Öffnung von HV-Komponenten."
    ],
    "hinweise": "Nur qualifiziertes Personal darf HV-Anlagen bedienen.",
    "letzteAktualisierung": "2025-08-30"
  },
  {
    "id": "door_blocked_passenger",
    "titel": "Gegenstand in Tür eingeklemmt (Fremdkörper)",
    "kategorie": "Türsystem",
    "tags": [
      "tür",
      "fremdkörper",
      "blockiert"
    ],
    "schweregrad": "mittel",
    "sofortmassnahmen": [
      "Zug sichern. Verletzungsgefahr vermeiden.",
      "Fahrgäste informieren und Abstand halten lassen."
    ],
    "schritte": [
      "Fremdkörper vorsichtig entfernen, sofern ungefährlich und laut SOP erlaubt.",
      "Tür schließen/sperren und Funktion prüfen.",
      "Bei fortbestehender Störung: Tür außer Betrieb nehmen und kennzeichnen.",
      "Meldung an Leitstelle/Instandhaltung."
    ],
    "hinweise": "Sicherheit hat Vorrang – keine riskanten Handlungen.",
    "letzteAktualisierung": "2025-08-30"
  },
  {
    "id": "hmi_freeze",
    "titel": "HMI reagiert nicht",
    "kategorie": "Bordnetz/IT",
    "tags": [
      "hmi",
      "touch",
      "display",
      "eingefroren"
    ],
    "schweregrad": "mittel",
    "sofortmassnahmen": [
      "Fahrzeugführung gemäß SOP fortsetzen (redundante Anzeigen beachten).",
      "Leitstelle informieren, wenn sicherheitsrelevante Anzeigen betroffen sind."
    ],
    "schritte": [
      "Sekundäres HMI/Redundanz prüfen (falls vorhanden).",
      "Zulässigen HMI-Neustart gemäß SOP durchführen.",
      "Fehlerdetails notieren (Uhrzeit, Zustand).",
      "Persistiert der Ausfall: Instandhaltung informieren."
    ],
    "hinweise": "Keine unautorisierten Eingriffe an Elektrik/Hardware.",
    "letzteAktualisierung": "2025-08-30"
  }
]