[
  {
    "id": "door_not_closing",
    "titel": "Tür schließt nicht",
    "kategorie": "Türsystem",
    "tags": [
      "tür"
    ],
    "schweregrad": "mittel",
    "sofortmassnahmen": [
      "Zug sichern"
    ],
    "schritte": [
      "SOP beachten"
    ],
    "hinweise": "Beispiel"
  },
  {
    "id": "pis_blackout",
    "titel": "Anzeige dunkel",
    "kategorie": "Bordnetz/IT",
    "tags": [
      "anzeige"
    ],
    "schweregrad": "niedrig",
    "sofortmassnahmen": [
      "Durchsage"
    ],
    "schritte": [
      "Status prüfen"
    ],
    "hinweise": "Beispiel"
  },
  {
    "id": "brake_warning",
    "titel": "Bremswarnung",
    "kategorie": "Bremssystem",
    "tags": [
      "bremse"
    ],
    "schweregrad": "hoch",
    "sofortmassnahmen": [
      "Anhalten"
    ],
    "schritte": [
      "Fehlercode notieren"
    ],
    "hinweise": "Beispiel"
  }
]